train data,input,detector,zero-day AUROC,AUROC among XGB-missed,zero-day recall (2nd stage),fused zero-day recall,fused FPR,fused F1,fused MCC
-,-,xgboost_only,,,,0.9985326485693323,0.2608108108108108,0.8943452380952381,0.7549406525373793
benign,raw,ae_small,0.6389024408338244,0.991102985984156,0.1036928344338469,0.999755441428222,0.2706756756756757,0.8915081113558982,0.7481123217746961
benign,raw,iforest,0.621483161673645,0.8167702620353443,0.042797750061139644,0.9985326485693323,0.2851891891891892,0.8863625041100806,0.7353868648142071
benign,shap,ae_small,0.5165510654429243,0.9770383912248629,0.009048667155783811,0.999755441428222,0.31064864864864866,0.8790168267808178,0.7174320984174608
benign,shap,iforest,0.44001785084097556,0.9688604509445461,0.004402054292002935,0.9995108828564441,0.29943243243243245,0.8819985334046813,0.7246647450941031
benign,concat,ae_small,0.6320564495932177,0.9814686166971359,0.1462460259232086,0.999755441428222,0.2807297297297297,0.8884211786298527,0.7406021310361665
benign,concat,iforest,0.5656258485398377,0.8996770262035343,0.005135730007336757,0.9990217657128883,0.2895675675675676,0.8853332802975308,0.7329498545142074
all,raw,ae_small,0.38651639287424533,0.8286715417428397,0.015651748593788213,0.9992663242846662,0.2924864864864865,0.8840065583544492,0.7295748304055925
all,raw,iforest,0.44522049899744365,0.5573918342474101,0.012961604304230863,0.9985326485693323,0.28262162162162163,0.8871690021443175,0.7373656142081951
all,shap,ae_small,0.30078369640277663,0.9708957952468007,0.0022010271460014674,0.999755441428222,0.2841891891891892,0.8872107040738048,0.7376070394098
all,shap,iforest,0.27028300915046266,0.9508592321755027,0.0007336757153338225,0.9992663242846662,0.297972972972973,0.8824042675550796,0.7256531400997012
all,concat,ae_small,0.37126412933061687,0.980146252285192,0.01173881144534116,0.999755441428222,0.30224324324324325,0.8815001731730248,0.7235409127501515
all,concat,iforest,0.34863579916343607,0.8756489945155392,0.0009782342871117633,0.9987772071411103,0.29867567567567566,0.8820216921460156,0.7246632960736105
